{"Accuracy": 0.9884570046163752, "ConfusionMatrix": "                        AdenomeraAndre  Ameeregatrivittata  AdenomeraHylaedactylus  HylaMinuta  HypsiboasCinerascens  HypsiboasCordobae  LeptodactylusFuscus  OsteocephalusOophagus  Rhinellagranulosa  ScinaxRuber\nAdenomeraAndre                     662                   0                       0           7                     0                  1                    0                      1                  1            0\nAmeeregatrivittata                   1                 541                       0           2                     0                  0                    0                      0                  0            0\nAdenomeraHylaedactylus               0                   0                    3473           6                     0                  3                    0                      0                  1            0\nHylaMinuta                           3                   0                       1         294                     0                  1                    1                      0                  0            0\nHypsiboasCinerascens                 3                   0                       0           0                   462                  9                    2                      6                  0            1\nHypsiboasCordobae                    2                   1                       3           0                     3               1102                    1                      4                  0            0\nLeptodactylusFuscus                  0                   0                       0           0                     2                  2                  266                      1                  2            0\nOsteocephalusOophagus                1                   0                       0           0                     5                  3                    0                    102                  0            0\nRhinellagranulosa                    0                   0                       0           1                     0                  0                    0                      0                 64            1\nScinaxRuber                          0                   0                       1           0                     0                  0                    0                      0                  0          146", "EvaluationStats": [0.9903314917127072, 0.9875518672199171, 0.9916666666666667, 0.9916666666666667, 0.9888734353268428, 0.9944367176634215, 0.9874826147426982, 0.9888734353268428, 0.9818435754189944, 0.9818435754189944], "Runtime": 4.9795393, "Labels": ["AdenomeraAndre", "Ameeregatrivittata", "AdenomeraHylaedactylus", "HylaMinuta", "HypsiboasCinerascens", "HypsiboasCordobae", "LeptodactylusFuscus", "OsteocephalusOophagus", "Rhinellagranulosa", "ScinaxRuber"], "description": "1NN", "hyperparams": {"epochs": 160, "learning_rate": 0.001, "w_decay": 1e-05, "batch_size": 50, "report_interval": 500, "use_stratified": true, "n_folds": 10, "run_kfolds": true, "verbose": false, "input_nodes": 22, "output_nodes": 10, "hidden_nodes": 80, "hidden_layers": 1, "dropout_prop": 0.0, "k_nearest": 1, "knn_metric": "cosine", "loss_function": "crossentropy"}}