{"Accuracy": 0.9881908452188645, "ConfusionMatrix": "                        AdenomeraAndre  Ameeregatrivittata  AdenomeraHylaedactylus  HylaMinuta  HypsiboasCinerascens  HypsiboasCordobae  LeptodactylusFuscus  OsteocephalusOophagus  Rhinellagranulosa  ScinaxRuber\nAdenomeraAndre                     662                   0                       0           5                     1                  1                    0                      1                  1            0\nAmeeregatrivittata                   1                 541                       0           1                     0                  0                    0                      0                  0            0\nAdenomeraHylaedactylus               0                   0                    3473           7                     0                  3                    0                      0                  1            0\nHylaMinuta                           2                   0                       1         296                     0                  2                    1                      0                  0            0\nHypsiboasCinerascens                 1                   0                       0           0                   463                 10                    2                      6                  0            1\nHypsiboasCordobae                    2                   1                       3           0                     0               1097                    1                      2                  0            0\nLeptodactylusFuscus                  0                   0                       0           0                     3                  3                  265                      1                  3            0\nOsteocephalusOophagus                4                   0                       0           0                     5                  5                    1                    104                  0            0\nRhinellagranulosa                    0                   0                       0           1                     0                  0                    0                      0                 62            0\nScinaxRuber                          0                   0                       1           0                     0                  0                    0                      0                  1          147", "EvaluationStats": [0.9875690607734806, 0.9861687413554634, 0.9805555555555555, 0.9902777777777778, 0.9888734353268428, 0.9902642559109874, 0.9833101529902643, 0.9930458970792768, 0.9958100558659218, 0.9860335195530726], "Runtime": 4.0173728, "Labels": ["AdenomeraAndre", "Ameeregatrivittata", "AdenomeraHylaedactylus", "HylaMinuta", "HypsiboasCinerascens", "HypsiboasCordobae", "LeptodactylusFuscus", "OsteocephalusOophagus", "Rhinellagranulosa", "ScinaxRuber"], "description": "1NN", "hyperparams": {"epochs": 150, "learning_rate": 0.001, "w_decay": 1e-05, "batch_size": 400, "report_interval": 500, "use_stratified": true, "n_folds": 10, "run_kfolds": true, "verbose": false, "model_layout": {"input": 22, "output": 10, "hidden": 120, "hidden_layers": 1, "dropout": 0.0}, "k_nearest": 1, "knn_metric": "euclidian", "loss_function": "crossentropy"}}